Name,Offer,Price
Kissan Fresh Tomato Ketchup (Pouch),15% OFF,106,['950 gm']
Pedigree Meat & Rice Dog Dry Food (Adult),15% OFF,1478,"['10 kg, 3 kg']"
Kellogg's Original & the Best Corn Flakes (Pouch),20% OFF,234,['875 gm']
Pedigree Meat & Rice Dog Dry Food (Adult),15% OFF,1478,"['10 kg, 3 kg']"
Kissan Fresh Tomato Ketchup (Pouch),15% OFF,106,['950 gm']
Kellogg's Original & the Best Corn Flakes (Pouch),20% OFF,234,['875 gm']
"Sunfeast Dark Fantasy Choco Fills, 75g", 8.00 (27%), 22.00,['In Stock.']
"Sunfeast Dark Fantasy Choco Fills, 75g", 8.00 (27%), 22.00,['In Stock.']
Pedigree Meat & Rice Dog Dry Food (Adult),15% OFF,1478,"['10 kg, 3 kg']"
Kissan Fresh Tomato Ketchup (Pouch),15% OFF,106,['950 gm']
Kissan Fresh Tomato Ketchup (Pouch),15% OFF,106,['950 gm']
Kellogg's Original & the Best Corn Flakes (Pouch),20% OFF,234,['875 gm']
Pedigree Meat & Rice Dog Dry Food (Adult),15% OFF,1478,"['10 kg, 3 kg']"
Kellogg's Original & the Best Corn Flakes (Pouch),20% OFF,234,['875 gm']
"Sunfeast Dark Fantasy Choco Fills, 75g", 8.00 (27%), 22.00,['In Stock.']
"Sunfeast Dark Fantasy Choco Fills, 75g", 8.00 (27%), 22.00,['In Stock.']
Pedigree Meat & Rice Dog Dry Food (Adult),15% OFF,1478,"['3 kg, 10 kg']"
Kissan Fresh Tomato Ketchup (Pouch),15% OFF,106,['950 gm']
Pedigree Meat & Rice Dog Dry Food (Adult),15% OFF,1478,"['3 kg, 10 kg']"
Kissan Fresh Tomato Ketchup (Pouch),15% OFF,106,['950 gm']
Kellogg's Original & the Best Corn Flakes (Pouch),20% OFF,234,['875 gm']
Kellogg's Original & the Best Corn Flakes (Pouch),20% OFF,234,['875 gm']
"Sunfeast Dark Fantasy Choco Fills, 75g", 8.00 (27%), 22.00,['In Stock.']
"Sunfeast Dark Fantasy Choco Fills, 75g", 8.00 (27%), 22.00,['In Stock.']
Kellogg's Original & the Best Corn Flakes (Pouch),20% OFF,234,['875 gm']
Kissan Fresh Tomato Ketchup (Pouch),15% OFF,106,['950 gm']
Pedigree Meat & Rice Dog Dry Food (Adult),15% OFF,1478,"['10 kg, 3 kg']"
Kellogg's Original & the Best Corn Flakes (Pouch),20% OFF,234,['875 gm']
Kissan Fresh Tomato Ketchup (Pouch),15% OFF,106,['950 gm']
Pedigree Meat & Rice Dog Dry Food (Adult),15% OFF,1478,"['10 kg, 3 kg']"
"Sunfeast Dark Fantasy Choco Fills, 75g", 8.00 (27%), 22.00,['In Stock.']
"Sunfeast Dark Fantasy Choco Fills, 75g", 8.00 (27%), 22.00,['In Stock.']
Pedigree Meat & Rice Dog Dry Food (Adult),15% OFF,1478,"['3 kg, 10 kg']"
Kissan Fresh Tomato Ketchup (Pouch),15% OFF,106,['950 gm']
Kellogg's Original & the Best Corn Flakes (Pouch),20% OFF,234,['875 gm']
Kellogg's Original & the Best Corn Flakes (Pouch),20% OFF,234,['875 gm']
Pedigree Meat & Rice Dog Dry Food (Adult),15% OFF,1478,"['3 kg, 10 kg']"
Kissan Fresh Tomato Ketchup (Pouch),15% OFF,106,['950 gm']
Oreo Choco Creme Biscuit - Buy 5 Get 1 Free,16% OFF,145,['6x120 gm']
Kellogg's Original & the Best Corn Flakes (Pouch),27% OFF,215,['Curently Unavailable']
Kissan Fresh Tomato Ketchup (Pouch),15% OFF,106,['950 gm']
Tata Lite Salt,14% OFF,30,['Curently Unavailable']
Kissan Fresh Tomato Ketchup (Pouch),15% OFF,106,['950 gm']
Kellogg's Original & the Best Corn Flakes (Pouch),27% OFF,215,['Curently Unavailable']
