name,offer,price,stock
"
                
                    
                    
                

                
                    
                    
                        Sunfeast Dark Fantasy Choco Fills, 75g
                    
                

                
                    
                    
                
            ", 8.00 (27%), 22.00,In Stock.
"
                
                    
                    
                

                
                    
                    
                        Aashirvaad Atta, Multigrains, 5kg
                    
                

                
                    
                    
                
            ", 55.00 (19%), 230.00,In Stock.
name,offer,price,stock
"
        Sunfeast Dark Fantasy Choco Fills
    ", 8.00 (27%), 22.00,In Stock.
